{
"pctiles":
{"0": {"1": {"0.5": 80.9, "0.75": 81.2, "0.9999": 263.0, "0.999": 225.0, "0.99": 104.0, "0.95": 89.2, "avg": 82.645986, "0.99999": 413.0}, "2": {"0.5": 83.8, "0.75": 84.1, "0.9999": 189.0, "0.999": 174.0, "0.99": 105.0, "0.95": 86.1, "avg": 84.610835, "0.99999": 253.0}, "3": {"0.5": 109.0, "0.75": 111.0, "0.9999": 192.0, "0.999": 154.0, "0.99": 118.0, "0.95": 114.0, "avg": 107.937619, "0.99999": 754.0}, "4": {"0.5": 253.0, "0.75": 260.0, "0.9999": 356.0, "0.999": 321.0, "0.99": 274.0, "0.95": 269.0, "avg": 253.545619, "0.99999": 1018.0}, "5": {"0.5": 203.0, "0.75": 207.0, "0.9999": 286.0, "0.999": 253.0, "0.99": 230.0, "0.95": 213.0, "avg": 202.415955, "0.99999": 376.0}, "6": {"0.5": 269.0, "0.75": 276.0, "0.9999": 401.0, "0.999": 363.0, "0.99": 318.0, "0.95": 283.0, "avg": 265.646799, "0.99999": 430.0}, "7": {"0.5": 147.0, "0.75": 162.0, "0.9999": 293.0, "0.999": 246.0, "0.99": 239.0, "0.95": 237.0, "avg": 163.44373, "0.99999": 836.0}}, "1": {"0": {"0.5": 80.9, "0.75": 81.2, "0.9999": 263.0, "0.999": 225.0, "0.99": 106.0, "0.95": 92.6, "avg": 82.855172, "0.99999": 498.0}, "2": {"0.5": 21.6, "0.75": 22.0, "0.9999": 109.0, "0.999": 81.2, "0.99": 40.3, "0.95": 28.4, "avg": 22.947992, "0.99999": 254.0}, "3": {"0.5": 169.0, "0.75": 171.0, "0.9999": 242.0, "0.999": 217.0, "0.99": 194.0, "0.95": 180.0, "avg": 170.59933, "0.99999": 716.0}, "4": {"0.5": 234.0, "0.75": 240.0, "0.9999": 326.0, "0.999": 300.0, "0.99": 261.0, "0.95": 248.0, "avg": 234.44832, "0.99999": 372.0}, "5": {"0.5": 130.0, "0.75": 144.0, "0.9999": 289.0, "0.999": 258.0, "0.99": 172.0, "0.95": 161.0, "avg": 135.12854, "0.99999": 399.0}, "6": {"0.5": 200.0, "0.75": 205.0, "0.9999": 248.0, "0.999": 232.0, "0.99": 219.0, "0.95": 214.0, "avg": 200.63816, "0.99999": 340.0}, "7": {"0.5": 206.0, "0.75": 208.0, "0.9999": 285.0, "0.999": 263.0, "0.99": 250.0, "0.95": 219.0, "avg": 207.81693, "0.99999": 721.0}}, "2": {"0": {"0.5": 83.8, "0.75": 84.1, "0.9999": 192.0, "0.999": 174.0, "0.99": 99.4, "0.95": 85.9, "avg": 84.511401, "0.99999": 239.0}, "1": {"0.5": 21.6, "0.75": 21.9, "0.9999": 109.0, "0.999": 77.9, "0.99": 36.9, "0.95": 26.0, "avg": 22.526607, "0.99999": 273.0}, "3": {"0.5": 169.0, "0.75": 174.0, "0.9999": 262.0, "0.999": 239.0, "0.99": 190.0, "0.95": 177.0, "avg": 169.797116, "0.99999": 449.0}, "4": {"0.5": 189.0, "0.75": 193.0, "0.9999": 282.0, "0.999": 265.0, "0.99": 217.0, "0.95": 194.0, "avg": 186.867184, "0.99999": 318.0}, "5": {"0.5": 134.0, "0.75": 136.0, "0.9999": 294.0, "0.999": 264.0, "0.99": 228.0, "0.95": 219.0, "avg": 143.727265, "0.99999": 317.0}, "6": {"0.5": 174.0, "0.75": 188.0, "0.9999": 286.0, "0.999": 260.0, "0.99": 226.0, "0.95": 202.0, "avg": 179.076515, "0.99999": 338.0}, "7": {"0.5": 184.0, "0.75": 185.0, "0.9999": 287.0, "0.999": 264.0, "0.99": 230.0, "0.95": 191.0, "avg": 185.933828, "0.99999": 769.0}}, "3": {"0": {"0.5": 109.0, "0.75": 111.0, "0.9999": 177.0, "0.999": 147.0, "0.99": 120.0, "0.95": 114.0, "avg": 107.881753, "0.99999": 589.0}, "1": {"0.5": 169.0, "0.75": 172.0, "0.9999": 238.0, "0.999": 212.0, "0.99": 190.0, "0.95": 180.0, "avg": 170.595076, "0.99999": 827.0}, "2": {"0.5": 169.0, "0.75": 174.0, "0.9999": 259.0, "0.999": 231.0, "0.99": 191.0, "0.95": 177.0, "avg": 169.878399, "0.99999": 292.0}, "4": {"0.5": 202.0, "0.75": 280.0, "0.9999": 631.0, "0.999": 601.0, "0.99": 301.0, "0.95": 292.0, "avg": 234.125645, "0.99999": 655.0}, "5": {"0.5": 275.0, "0.75": 276.0, "0.9999": 445.0, "0.999": 405.0, "0.99": 364.0, "0.95": 288.0, "avg": 278.388317, "0.99999": 520.0}, "6": {"0.5": 349.0, "0.75": 357.0, "0.9999": 422.0, "0.999": 402.0, "0.99": 371.0, "0.95": 363.0, "avg": 346.161534, "0.99999": 490.0}, "7": {"0.5": 239.0, "0.75": 241.0, "0.9999": 323.0, "0.999": 292.0, "0.99": 261.0, "0.95": 245.0, "avg": 239.809893, "0.99999": 1088.0}}, "4": {"0": {"0.5": 253.0, "0.75": 260.0, "0.9999": 353.0, "0.999": 323.0, "0.99": 274.0, "0.95": 269.0, "avg": 253.506757, "0.99999": 915.0}, "1": {"0.5": 234.0, "0.75": 239.0, "0.9999": 328.0, "0.999": 302.0, "0.99": 260.0, "0.95": 246.0, "avg": 234.248772, "0.99999": 397.0}, "2": {"0.5": 189.0, "0.75": 193.0, "0.9999": 281.0, "0.999": 256.0, "0.99": 211.0, "0.95": 194.0, "avg": 186.744171, "0.99999": 332.0}, "3": {"0.5": 201.0, "0.75": 279.0, "0.9999": 629.0, "0.999": 597.0, "0.99": 299.0, "0.95": 291.0, "avg": 233.496391, "0.99999": 670.0}, "5": {"0.5": 89.5, "0.75": 94.6, "0.9999": 188.0, "0.999": 154.0, "0.99": 127.0, "0.95": 103.0, "avg": 90.574999, "0.99999": 240.0}, "6": {"0.5": 269.0, "0.75": 284.0, "0.9999": 1472.0, "0.999": 653.0, "0.99": 395.0, "0.95": 314.0, "avg": 243.034472, "0.99999": 3267.0}, "7": {"0.5": 363.0, "0.75": 368.0, "0.9999": 462.0, "0.999": 430.0, "0.99": 386.0, "0.95": 371.0, "avg": 362.769379, "0.99999": 824.0}}, "5": {"0": {"0.5": 203.0, "0.75": 207.0, "0.9999": 285.0, "0.999": 248.0, "0.99": 230.0, "0.95": 213.0, "avg": 202.389275, "0.99999": 394.0}, "1": {"0.5": 130.0, "0.75": 144.0, "0.9999": 288.0, "0.999": 258.0, "0.99": 169.0, "0.95": 161.0, "avg": 134.946487, "0.99999": 306.0}, "2": {"0.5": 134.0, "0.75": 136.0, "0.9999": 289.0, "0.999": 262.0, "0.99": 228.0, "0.95": 222.0, "avg": 146.52871, "0.99999": 313.0}, "3": {"0.5": 275.0, "0.75": 276.0, "0.9999": 449.0, "0.999": 404.0, "0.99": 363.0, "0.95": 287.0, "avg": 278.272359, "0.99999": 571.0}, "4": {"0.5": 89.6, "0.75": 94.7, "0.9999": 185.0, "0.999": 154.0, "0.99": 127.0, "0.95": 103.0, "avg": 90.628778, "0.99999": 226.0}, "6": {"0.5": 145.0, "0.75": 146.0, "0.9999": 276.0, "0.999": 270.0, "0.99": 154.0, "0.95": 148.0, "avg": 144.167626, "0.99999": 314.0}, "7": {"0.5": 300.0, "0.75": 306.0, "0.9999": 396.0, "0.999": 358.0, "0.99": 317.0, "0.95": 313.0, "avg": 301.448462, "0.99999": 568.0}}, "6": {"0": {"0.5": 269.0, "0.75": 276.0, "0.9999": 378.0, "0.999": 344.0, "0.99": 307.0, "0.95": 283.0, "avg": 265.131209, "0.99999": 442.0}, "1": {"0.5": 200.0, "0.75": 205.0, "0.9999": 243.0, "0.999": 228.0, "0.99": 217.0, "0.95": 212.0, "avg": 200.385934, "0.99999": 351.0}, "2": {"0.5": 173.0, "0.75": 187.0, "0.9999": 275.0, "0.999": 250.0, "0.99": 207.0, "0.95": 200.0, "avg": 177.884973, "0.99999": 323.0}, "3": {"0.5": 350.0, "0.75": 357.0, "0.9999": 425.0, "0.999": 403.0, "0.99": 371.0, "0.95": 363.0, "avg": 346.565318, "0.99999": 583.0}, "4": {"0.5": 269.0, "0.75": 284.0, "0.9999": 1366.0, "0.999": 649.0, "0.99": 396.0, "0.95": 314.0, "avg": 243.124927, "0.99999": 3743.0}, "5": {"0.5": 145.0, "0.75": 146.0, "0.9999": 276.0, "0.999": 270.0, "0.99": 157.0, "0.95": 148.0, "avg": 144.277368, "0.99999": 304.0}, "7": {"0.5": 333.0, "0.75": 333.0, "0.9999": 413.0, "0.999": 382.0, "0.99": 343.0, "0.95": 335.0, "avg": 333.595231, "0.99999": 582.0}}, "7": {"0": {"0.5": 147.0, "0.75": 177.0, "0.9999": 312.0, "0.999": 308.0, "0.99": 291.0, "0.95": 239.0, "avg": 167.400106, "0.99999": 753.0}, "1": {"0.5": 206.0, "0.75": 208.0, "0.9999": 291.0, "0.999": 262.0, "0.99": 249.0, "0.95": 216.0, "avg": 207.574044, "0.99999": 944.0}, "2": {"0.5": 184.0, "0.75": 185.0, "0.9999": 282.0, "0.999": 246.0, "0.99": 229.0, "0.95": 191.0, "avg": 185.865493, "0.99999": 353.0}, "3": {"0.5": 237.0, "0.75": 239.0, "0.9999": 317.0, "0.999": 291.0, "0.99": 258.0, "0.95": 243.0, "avg": 237.679723, "0.99999": 717.0}, "4": {"0.5": 363.0, "0.75": 368.0, "0.9999": 461.0, "0.999": 430.0, "0.99": 387.0, "0.95": 371.0, "avg": 362.80609, "0.99999": 532.0}, "5": {"0.5": 300.0, "0.75": 306.0, "0.9999": 396.0, "0.999": 357.0, "0.99": 317.0, "0.95": 313.0, "avg": 301.448903, "0.99999": 452.0}, "6": {"0.5": 339.0, "0.75": 339.0, "0.9999": 413.0, "0.999": 384.0, "0.99": 347.0, "0.95": 341.0, "avg": 339.228117, "0.99999": 492.0}}, "8": {"9": {"0.5": 0.849, "0.75": 0.887, "0.9999": 60.5, "0.999": 46.4, "0.99": 7.9, "0.95": 0.968, "avg": 1.082753, "0.99999": 683.0}, "10": {"0.5": 1.65, "0.75": 1.72, "0.9999": 91.6, "0.999": 65.5, "0.99": 49.0, "0.95": 5.74, "avg": 3.115069, "0.99999": 158.0}}, "9": {"8": {"0.5": 0.838, "0.75": 0.874, "0.9999": 60.3, "0.999": 12.7, "0.99": 6.24,